"işletme","şehir","resmî site","mevcut/yeni","katalog sonucu","ekleme kararı"
"Wemond Coffee","İstanbul","https://wemondcoffee.com","yeni","27 kahve varyantı; örnek ürün doğrulandı","İlk grup — eklendi"
"Brew Gorillas Coffee Roastery","Samsun","https://www.brewgorillas.com","yeni","72 kahve varyantı; örnek ürün doğrulandı","İlk grup — eklendi"
"Crow Coffee Roastery","Balıkesir","https://www.crowcoffee.co","yeni","11 kahve varyantı; örnek ürün doğrulandı","İlk grup — eklendi"
"Fahrenheit Coffee Roastery","Antalya","https://www.fahrenheitcoffeeroastery.com","yeni","10 kahve varyantı; örnek ürün doğrulandı","İlk grup — eklendi"
"Mun Coffee & Roasters","Antalya","https://munroasting.com","yeni","Paketli çekirdek seçkisi mevcut; mevcut toplayıcı doğrudan katalog alamadı.","Aday listesinde"
"Pueblo Coffee Roastery","Antalya","https://www.pueblo.com.tr","yeni","Resmî siteden bağlı pueblocoffeeroastery.com mağazası da denendi; veri alınamadı.","Aday listesinde"
"COFFEEDEAN","Antalya","https://www.coffeedean.com.tr","yeni","HTTP 406; katalog erişimi başarısız.","Aday listesinde"
"Rahiya Coffee","Doğrulanmadı","https://rahiyacoffee.com","yeni","Resmî site pazar yeri/WhatsApp satışına yönlendiriyor; doğrudan mağaza kataloğu yok.","Aday listesinde"
"Hacı Caferoğlu","Doğrulanmadı","https://hacicaferoglu.com","yeni","Resmî siteden bağlı mağaza alt alan adı da denendi; katalog/scope doğrulaması tamamlanamadı.","Aday listesinde"
"Single Origin Coffee Roasting","Samsun","https://singleoriginco.com","yeni","Alan adı park sayfası; etkin resmî mağaza doğrulanamadı.","Aday listesinde"
"Bakku Coffee","Samsun","https://bakkucoffee.com","yeni","7 ürün kaydı; gramaj bilgisi alınamadı.","Aday listesinde"
"Manguu Coffee Roastery","Denizli","https://manguu.com.tr","yeni","265 kahve varyantı; örnek ürün doğrulandı","İlk grup — eklendi"
"Beige Roastery & Coffee Co.","Çanakkale","https://beigecoffee.shop","yeni","Çanakkale faaliyet/kavurmahane doğrulandı; karşılaştırılabilir doğrudan perakende kataloğu alınamadı.","Aday listesinde"
"Cincinnati Roastery","Gaziantep","https://cincinnatiroastery.com","yeni","Gaziantep faaliyet doğrulandı; paketli kahve mağazası/kataloğu alınamadı.","Aday listesinde"
"Grond Coffee","Mersin","https://grondcoffee.com","yeni","Kavurmahane doğrulandı; doğrudan paketli kahve mağazası/kataloğu alınamadı.","Aday listesinde"
"Giza Coffee & Roastery","Mersin","https://gizacoffeeroastery.com","yeni","Resmî kafe sitesi doğrulandı; paketli kahve mağazası/kataloğu alınamadı.","Aday listesinde"
"Coffee Esto Roastery","İstanbul","https://coffeeesto.com","yeni","Özel mağaza arayüzü mevcut; desteklenen toplayıcılar veri alamadı.","Aday listesinde"
"Despado Coffee & Roastery","İstanbul","https://despado.com","yeni","Ürün sayfaları mevcut; WooCommerce ucu JSON yerine HTML döndü, veri alınamadı.","Aday listesinde"
"Ade Miel Coffee Shop & Roastery","Doğrulanmadı","https://www.ademielcoffee.com","yeni","Katalog verisi alınamadı; şehir ve kapsam doğrulaması gerekiyor.","Aday listesinde"
"Antares Coffee Roastery","Doğrulanmadı","https://antarescoffee.com","yeni","HTTP 500; canlı katalog erişimi başarısız.","Aday listesinde"
"Laos Coffee Roastery","Doğrulanmadı","https://www.laoscoffeeroastery.com","yeni","Kurumsal/şube sitesi; karşılaştırılabilir paketli perakende kataloğu alınamadı.","Aday listesinde"
"On On","Balıkesir","https://ononkafe.com","yeni","HTTP 500; tüketiciye paketli kahve satışı ve katalog doğrulanamadı.","Aday listesinde"
"1978 Coffee Roastery","Eskişehir","https://1978coffee.com","mevcut","7 karşılaştırılabilir varyant","Mevcut — tekrar eklenmedi"
"Kruen Roastery","Trabzon","https://kruenroastery.com","mevcut","62 karşılaştırılabilir varyant","Mevcut — tekrar eklenmedi"
"Rio Coffee Roastery","Mersin","https://riocoffeeroastery.business","mevcut","18 karşılaştırılabilir varyant","Mevcut — tekrar eklenmedi"
"Calibre Coffee","İstanbul","https://coffeecalibre.com","mevcut","61 karşılaştırılabilir varyant","Mevcut — tekrar eklenmedi"
"Roast Room","İstanbul","https://theroastroom.co","mevcut","195 karşılaştırılabilir varyant","Mevcut — tekrar eklenmedi"
"ROR Cafe & Roastery","Ankara","https://www.rorcafe.com.tr","mevcut","6 karşılaştırılabilir varyant","Mevcut — tekrar eklenmedi"
"Flavor Drink","İzmir","https://flavordrink.co","yeni","3 JSON-LD kaydı alındı; örnek sayfa ve tüketici satış/stok doğrulaması sonraki gruba bırakıldı.","Aday listesinde"
"Kahve Tiryakisi","İstanbul","https://kahvetiryakisi.com.tr","yeni","Resmî siteden bağlı evdekitiryakiler.com.tr mağazasında 125 kayıt alındı; ilk 13 bağımsız kavurucu grubundan sonra incelenecek.","Aday listesinde"
"Beanofme Specialty Coffee Roasting","Muğla","https://beanofme.com.tr","yeni","68 kahve varyantı; örnek ürün doğrulandı","İlk grup — eklendi"
"Varona Coffee","Muğla","https://varonacoffee.com","yeni","70 kahve varyantı; örnek ürün doğrulandı","İlk grup — eklendi"
"Nors Coffee Roastery","Bolu","https://norscoffee.com","yeni","100 ürün/varyant kaydı; gramaj eşleşmesi alınamadı.","Aday listesinde"
"Profusion Coffee Roasters","Muğla","https://www.profusioncoffee.com","yeni","HTTP 429; erişim sınırlaması nedeniyle katalog alınamadı.","Aday listesinde"
"Dr. Roaster","Manisa","https://drroaster.com","yeni","105 kahve varyantı; örnek ürün doğrulandı","İlk grup — eklendi"
"Looffy's Coffee","İzmir","https://looffyscoffee.com","yeni","101 kahve varyantı; örnek ürün doğrulandı","İlk grup — eklendi"
"Petrus Coffee Roastery","Isparta","https://petrusroastery.com","yeni","553 kahve varyantı; örnek ürün doğrulandı","İlk grup — eklendi"
"Doz Roastery","İstanbul","https://doz.coffee","yeni","268 kahve varyantı; örnek ürün doğrulandı","İlk grup — eklendi"
"Hermod Coffee","Kocaeli","https://hermodcoffee.com","yeni","96 kahve varyantı; örnek ürün doğrulandı","İlk grup — eklendi"
"Dunno Coffee","Doğrulanmadı","https://dunnocoffee.co","yeni","166 kahve varyantı; örnek ürün doğrulandı","İlk grup — eklendi"
